{"images":[{"Name":"back2","id":13,"atlas_name":"atlas_348.png","width":263,"height":268,"UV_X_1":0.0,"UV_Y_1":0.4765625,"UV_X_2":0.513671875,"UV_Y_2":0.4765625,"UV_X_3":0.513671875,"UV_Y_3":1.0,"UV_X_4":0.0,"UV_Y_4":1.0},{"Name":"rectangle_over","id":109,"atlas_name":"atlas_348.png","width":476,"height":118,"UV_X_1":0.0,"UV_Y_1":0.244140625,"UV_X_2":0.9296875,"UV_Y_2":0.244140625,"UV_X_3":0.9296875,"UV_Y_3":0.474609375,"UV_X_4":0.0,"UV_Y_4":0.474609375},{"Name":"rectangle_down","id":104,"atlas_name":"atlas_348.png","width":476,"height":118,"UV_X_1":0.0,"UV_Y_1":0.01171875,"UV_X_2":0.9296875,"UV_Y_2":0.01171875,"UV_X_3":0.9296875,"UV_Y_3":0.2421875,"UV_X_4":0.0,"UV_Y_4":0.2421875}]}