{"images":[{"Name":"feher-fekete0001","id":3,"atlas_name":"atlas_78.png","width":200,"height":202,"UV_X_1":0.0,"UV_Y_1":0.60546875,"UV_X_2":0.390625,"UV_Y_2":0.60546875,"UV_X_3":0.390625,"UV_Y_3":1.0,"UV_X_4":0.0,"UV_Y_4":1.0},{"Name":"feher-fekete0002","id":8,"atlas_name":"atlas_78.png","width":200,"height":202,"UV_X_1":0.392578125,"UV_Y_1":0.60546875,"UV_X_2":0.783203125,"UV_Y_2":0.60546875,"UV_X_3":0.783203125,"UV_Y_3":1.0,"UV_X_4":0.392578125,"UV_Y_4":1.0},{"Name":"feher-fekete0003","id":16,"atlas_name":"atlas_78.png","width":200,"height":202,"UV_X_1":0.0,"UV_Y_1":0.208984375,"UV_X_2":0.390625,"UV_Y_2":0.208984375,"UV_X_3":0.390625,"UV_Y_3":0.603515625,"UV_X_4":0.0,"UV_Y_4":0.603515625},{"Name":"feher-fekete0004","id":23,"atlas_name":"atlas_78.png","width":200,"height":202,"UV_X_1":0.392578125,"UV_Y_1":0.208984375,"UV_X_2":0.783203125,"UV_Y_2":0.208984375,"UV_X_3":0.783203125,"UV_Y_3":0.603515625,"UV_X_4":0.392578125,"UV_Y_4":0.603515625}]}