{"images":[{"Name":"feher-fekete0009","id":36,"atlas_name":"atlas_164.png","width":200,"height":202,"UV_X_1":0.0,"UV_Y_1":0.60546875,"UV_X_2":0.390625,"UV_Y_2":0.60546875,"UV_X_3":0.390625,"UV_Y_3":1.0,"UV_X_4":0.0,"UV_Y_4":1.0},{"Name":"feher-fekete0010","id":41,"atlas_name":"atlas_164.png","width":200,"height":202,"UV_X_1":0.392578125,"UV_Y_1":0.60546875,"UV_X_2":0.783203125,"UV_Y_2":0.60546875,"UV_X_3":0.783203125,"UV_Y_3":1.0,"UV_X_4":0.392578125,"UV_Y_4":1.0},{"Name":"feher-fekete0011","id":46,"atlas_name":"atlas_164.png","width":200,"height":202,"UV_X_1":0.0,"UV_Y_1":0.208984375,"UV_X_2":0.390625,"UV_Y_2":0.208984375,"UV_X_3":0.390625,"UV_Y_3":0.603515625,"UV_X_4":0.0,"UV_Y_4":0.603515625},{"Name":"feher-fekete0012","id":48,"atlas_name":"atlas_164.png","width":200,"height":202,"UV_X_1":0.392578125,"UV_Y_1":0.208984375,"UV_X_2":0.783203125,"UV_Y_2":0.208984375,"UV_X_3":0.783203125,"UV_Y_3":0.603515625,"UV_X_4":0.392578125,"UV_Y_4":0.603515625}]}