{"images":[{"Name":"test145","id":4,"atlas_name":"atlas_49.png","width":512,"height":512,"UV_X_1":0.0,"UV_Y_1":0.75,"UV_X_2":0.25,"UV_Y_2":0.75,"UV_X_3":0.25,"UV_Y_3":1.0,"UV_X_4":0.0,"UV_Y_4":1.0},{"Name":"test146","id":12,"atlas_name":"atlas_49.png","width":512,"height":512,"UV_X_1":0.25048828125,"UV_Y_1":0.75,"UV_X_2":0.50048828125,"UV_Y_2":0.75,"UV_X_3":0.50048828125,"UV_Y_3":1.0,"UV_X_4":0.25048828125,"UV_Y_4":1.0}]}