{"images":[{"Name":"editTextBgEdit","id":65,"atlas_name":"atlas_97.png","width":1600,"height":542,"UV_X_1":0.0,"UV_Y_1":0.7353515625,"UV_X_2":0.78125,"UV_Y_2":0.7353515625,"UV_X_3":0.78125,"UV_Y_3":1.0,"UV_X_4":0.0,"UV_Y_4":1.0},{"Name":"editTextBgOver","id":80,"atlas_name":"atlas_97.png","width":1600,"height":542,"UV_X_1":0.0,"UV_Y_1":0.47021484375,"UV_X_2":0.78125,"UV_Y_2":0.47021484375,"UV_X_3":0.78125,"UV_Y_3":0.73486328125,"UV_X_4":0.0,"UV_Y_4":0.73486328125},{"Name":"editTextBg","id":58,"atlas_name":"atlas_97.png","width":1600,"height":542,"UV_X_1":0.0,"UV_Y_1":0.205078125,"UV_X_2":0.78125,"UV_Y_2":0.205078125,"UV_X_3":0.78125,"UV_Y_3":0.4697265625,"UV_X_4":0.0,"UV_Y_4":0.4697265625},{"Name":"blue_button","id":16,"atlas_name":"atlas_97.png","width":1104,"height":340,"UV_X_1":0.0,"UV_Y_1":0.03857421875,"UV_X_2":0.5390625,"UV_Y_2":0.03857421875,"UV_X_3":0.5390625,"UV_Y_3":0.20458984375,"UV_X_4":0.0,"UV_Y_4":0.20458984375}]}