{"images":[{"Name":"refresh","id":116,"atlas_name":"atlas_341.png","width":263,"height":268,"UV_X_1":0.0,"UV_Y_1":0.4765625,"UV_X_2":0.513671875,"UV_Y_2":0.4765625,"UV_X_3":0.513671875,"UV_Y_3":1.0,"UV_X_4":0.0,"UV_Y_4":1.0}]}