{"images":[{"Name":"feheride30001","id":2,"atlas_name":"atlas_240.png","width":200,"height":200,"UV_X_1":0.0,"UV_Y_1":0.609375,"UV_X_2":0.390625,"UV_Y_2":0.609375,"UV_X_3":0.390625,"UV_Y_3":1.0,"UV_X_4":0.0,"UV_Y_4":1.0},{"Name":"feheride30013","id":75,"atlas_name":"atlas_240.png","width":200,"height":200,"UV_X_1":0.392578125,"UV_Y_1":0.609375,"UV_X_2":0.783203125,"UV_Y_2":0.609375,"UV_X_3":0.783203125,"UV_Y_3":1.0,"UV_X_4":0.392578125,"UV_Y_4":1.0},{"Name":"feheride30002","id":11,"atlas_name":"atlas_240.png","width":200,"height":200,"UV_X_1":0.0,"UV_Y_1":0.216796875,"UV_X_2":0.390625,"UV_Y_2":0.216796875,"UV_X_3":0.390625,"UV_Y_3":0.607421875,"UV_X_4":0.0,"UV_Y_4":0.607421875},{"Name":"feheride30003","id":15,"atlas_name":"atlas_240.png","width":200,"height":200,"UV_X_1":0.392578125,"UV_Y_1":0.216796875,"UV_X_2":0.783203125,"UV_Y_2":0.216796875,"UV_X_3":0.783203125,"UV_Y_3":0.607421875,"UV_X_4":0.392578125,"UV_Y_4":0.607421875}]}