{"images":[{"Name":"feheride30032","id":151,"atlas_name":"atlas_340.png","width":200,"height":200,"UV_X_1":0.0,"UV_Y_1":0.609375,"UV_X_2":0.390625,"UV_Y_2":0.609375,"UV_X_3":0.390625,"UV_Y_3":1.0,"UV_X_4":0.0,"UV_Y_4":1.0},{"Name":"feheride30033","id":153,"atlas_name":"atlas_340.png","width":200,"height":200,"UV_X_1":0.392578125,"UV_Y_1":0.609375,"UV_X_2":0.783203125,"UV_Y_2":0.609375,"UV_X_3":0.783203125,"UV_Y_3":1.0,"UV_X_4":0.392578125,"UV_Y_4":1.0},{"Name":"feheride30034","id":156,"atlas_name":"atlas_340.png","width":200,"height":200,"UV_X_1":0.0,"UV_Y_1":0.216796875,"UV_X_2":0.390625,"UV_Y_2":0.216796875,"UV_X_3":0.390625,"UV_Y_3":0.607421875,"UV_X_4":0.0,"UV_Y_4":0.607421875},{"Name":"feheride30035","id":163,"atlas_name":"atlas_340.png","width":200,"height":200,"UV_X_1":0.392578125,"UV_Y_1":0.216796875,"UV_X_2":0.783203125,"UV_Y_2":0.216796875,"UV_X_3":0.783203125,"UV_Y_3":0.607421875,"UV_X_4":0.392578125,"UV_Y_4":0.607421875}]}