{"images":[{"Name":"feheride30044","id":192,"atlas_name":"atlas_347.png","width":200,"height":200,"UV_X_1":0.0,"UV_Y_1":0.609375,"UV_X_2":0.390625,"UV_Y_2":0.609375,"UV_X_3":0.390625,"UV_Y_3":1.0,"UV_X_4":0.0,"UV_Y_4":1.0},{"Name":"feheride30045","id":194,"atlas_name":"atlas_347.png","width":200,"height":200,"UV_X_1":0.392578125,"UV_Y_1":0.609375,"UV_X_2":0.783203125,"UV_Y_2":0.609375,"UV_X_3":0.783203125,"UV_Y_3":1.0,"UV_X_4":0.392578125,"UV_Y_4":1.0},{"Name":"feheride30046","id":197,"atlas_name":"atlas_347.png","width":200,"height":200,"UV_X_1":0.0,"UV_Y_1":0.216796875,"UV_X_2":0.390625,"UV_Y_2":0.216796875,"UV_X_3":0.390625,"UV_Y_3":0.607421875,"UV_X_4":0.0,"UV_Y_4":0.607421875},{"Name":"feheride30047","id":198,"atlas_name":"atlas_347.png","width":200,"height":200,"UV_X_1":0.392578125,"UV_Y_1":0.216796875,"UV_X_2":0.783203125,"UV_Y_2":0.216796875,"UV_X_3":0.783203125,"UV_Y_3":0.607421875,"UV_X_4":0.392578125,"UV_Y_4":0.607421875}]}