{"images":[{"Name":"mario-background","id":4,"atlas_name":"atlas_69.png","width":1903,"height":792,"UV_X_1":0.0,"UV_Y_1":0.61328125,"UV_X_2":0.92919921875,"UV_Y_2":0.61328125,"UV_X_3":0.92919921875,"UV_Y_3":1.0,"UV_X_4":0.0,"UV_Y_4":1.0}]}