{"images":[{"Name":"feher-fekete0005","id":26,"atlas_name":"atlas_125.png","width":200,"height":202,"UV_X_1":0.0,"UV_Y_1":0.60546875,"UV_X_2":0.390625,"UV_Y_2":0.60546875,"UV_X_3":0.390625,"UV_Y_3":1.0,"UV_X_4":0.0,"UV_Y_4":1.0},{"Name":"feher-fekete0006","id":30,"atlas_name":"atlas_125.png","width":200,"height":202,"UV_X_1":0.392578125,"UV_Y_1":0.60546875,"UV_X_2":0.783203125,"UV_Y_2":0.60546875,"UV_X_3":0.783203125,"UV_Y_3":1.0,"UV_X_4":0.392578125,"UV_Y_4":1.0},{"Name":"feher-fekete0007","id":32,"atlas_name":"atlas_125.png","width":200,"height":202,"UV_X_1":0.0,"UV_Y_1":0.208984375,"UV_X_2":0.390625,"UV_Y_2":0.208984375,"UV_X_3":0.390625,"UV_Y_3":0.603515625,"UV_X_4":0.0,"UV_Y_4":0.603515625},{"Name":"feher-fekete0008","id":33,"atlas_name":"atlas_125.png","width":200,"height":202,"UV_X_1":0.392578125,"UV_Y_1":0.208984375,"UV_X_2":0.783203125,"UV_Y_2":0.208984375,"UV_X_3":0.783203125,"UV_Y_3":0.603515625,"UV_X_4":0.392578125,"UV_Y_4":0.603515625}]}