{"images":[{"Name":"feher-fekete0013","id":53,"atlas_name":"atlas_200.png","width":200,"height":202,"UV_X_1":0.0,"UV_Y_1":0.60546875,"UV_X_2":0.390625,"UV_Y_2":0.60546875,"UV_X_3":0.390625,"UV_Y_3":1.0,"UV_X_4":0.0,"UV_Y_4":1.0}]}